pdbid,ligid,IC50,IC50_err,smiles,inchi_key,literature,note,chain,reliable value,full_value,pKa_reliable,pKa_full,center_x,center_y,center_z
7VTH,7XB,8.6,,CNC(=O)CN1C(=O)N=C(NC2=C(C)C=C(OC(F)F)C=C2)N(CC2=CC(F)=C(F)C(F)=C2)C1=O,JHDIUUFGPILEJO-UHFFFAOYSA-N,https://doi.org/10.1021/acs.jmedchem.2c00117,,A,8.6,8.6,5.065501549,5.065501549,-3.365514285714286,2.5304571428571427,15.382485714285716
7VU6,7YY,0.0132,0.0011,CN1C=NC(CN2C(=O)N=C(NC3=CC4=CN(C)N=C4C=C3Cl)N(CC3=C(F)C=C(F)C(F)=C3)C2=O)=N1,QMPBBNUOBOFBFS-UHFFFAOYSA-N,https://doi.org/10.1021/acs.jmedchem.2c00117,,A,0.0132,0.0132,7.879426069,7.879426069,9.050297297297298,8.897675675675675,-1.508324324324325
6W63,X77,2.3,,CC(C)(C)C1=CC=C(N(C(=O)C2=CNC=N2)C(C(=O)NC2CCCCC2)C2=CC=CN=C2)C=C1,MUNFBYOTGGMQOS-XMMPIXPASA-N,http://doi.org/10.2210/pdb6W63/pdb,,A,2.3,2.3,5.638272164,5.638272164,-20.09629411764705,18.84361764705882,-27.39376470588236
7L0D,0EN,2.5,0.3,CC(C)(C)NC(=O)[C@@H](C1=CC=CN=C1)N(C(=O)C1=CC=CO1)C1=CC=C(C(C)(C)C)C=C1,JXGIYKRRPGCLFV-JOCHJYFZSA-N,https://doi.org/10.3390/v13020174,In 7KX5 paper IC50=10.96+-1.58uM/Kd=88.7uM/Ki=0.07uM,A,2.5,2.5,5.602059991,5.602059991,7.999625000000001,-12.59821875,22.445062499999995
6M2N,3WL,0.94,0.2,O=C1C=C(C2=CC=CC=C2)OC2=C1C(O)=C(O)C(O)=C2,FXNFHKRTJBSTCS-UHFFFAOYSA-N,https://doi.org/10.1038/s41401-020-0483-6,Kd=3.61uM/ITC(-30.78+-0.24kJ/mol),A,3.61,0.94,5.442492798,6.026872146,-33.16265,-65.07415,41.4343
7JU7,G65,2.5,,CC1=C(NC2=NC(C3=CC=CN=C3)=CS2)C=C(NC(=O)C2=CC=C(CN3CCN(C)CC3)C=C2)C=C1,WJEOLQLKVOPQFV-UHFFFAOYSA-N,https://doi.org/10.1126/science.abg5827,EC50(3.2uM)/Ki(2.6uM),A,2.5,2.6,5.602059991,5.585026652,12.87861111111111,3.7078611111111113,23.74025
7KX5,X7V,0.2,0.01,C[C@H](NC(=O)[C@@H](C1=CN=CC=C1)N(C(=O)C1=CC=CO1)C1=CC=C(C2=CC=CC=C2)C=C1)C1=CC=CC=C1,RYGJIKURQDMMQZ-YUDQIZAISA-N,https://doi.org/10.1021/acs.jmedchem.1c00509,Kd=8.43uM/Ki=0.07uM,A,0.2,0.2,6.698970004,6.698970004,8.150894736842107,-0.7972894736842108,22.177526315789464
7L10,XEY,4.02,1.36,N#CC1=CC=CC=C1C1=CN(C2=CC=CN=C2)C(=O)C(C2=CC(Cl)=CC(Cl)=C2)=C1,KXGLBZMRWKVPSY-UHFFFAOYSA-N,https://doi.org/10.1021/acscentsci.1c00039,lead_opt,A,4.02,4.02,5.395773947,5.395773947,8.724551724137932,0.1760344827586208,21.821172413793107
7L11,XF1,0.14,0.02,CCCOC1=CC(C2=CC(C3=C(C#N)C=CC=C3)=CN(C3=CN=CC=C3)C2=O)=CC(Cl)=C1,KFGXONJZGIXSGH-UHFFFAOYSA-N,https://doi.org/10.1021/acscentsci.1c00039,lead_opt,A,0.14,0.14,6.853871964,6.853871964,-21.81481250000001,-4.216062499999999,-27.98378125000001
7L12,XF4,0.128,0.015,O=C1NC=C(C2=CN(C3=CN=CC=C3)C(=O)C(C3=CC(Cl)=CC(OCC4=CC=CC=C4)=C3)=C2)C(=O)N1,IVPUTCRGJCQUQU-UHFFFAOYSA-N,https://doi.org/10.1021/acscentsci.1c00039,lead_opt,A,0.128,0.128,6.89279003,6.89279003,-14.531555555555554,-26.843833333333336,0.0251944444444443
7L13,XF7,0.018,0.002,O=C1NC=C(C2=CN(C3=CN=CC=C3)C(=O)C(C3=CC(Cl)=CC(OCC4=CC=CC=C4Cl)=C3)=C2)C(=O)N1,NFXZAFCZOMISJH-UHFFFAOYSA-N,https://doi.org/10.1021/acscentsci.1c00039,lead_opt,A,0.018,0.018,7.744727495,7.744727495,-21.198027027027027,-4.872783783783784,-28.821135135135137
7L14,XFD,0.17,0.022,N#CC1=C(C2=CN(C3=CN=CC=C3)C(=O)C(C3=CC(Cl)=CC(OCC4CC4)=C3)=C2)C=CC=C1,UIXRRGFIAVPQEF-UHFFFAOYSA-N,https://doi.org/10.1021/acscentsci.1c00039,lead_opt,A,0.17,0.17,6.769551079,6.769551079,-21.853545454545458,-4.455212121212122,-28.063727272727263
7S3S,860,1.6,0.7,O=C(CC1=CC(Cl)=CC=C1)NC1=C2C=CC=CC2=CN=C1,VFGOVUIYBMUVAD-UHFFFAOYSA-N,https://doi.org/10.1021/acsptsci.2c00026,,A,1.6,1.6,5.795880017,5.795880017,8.661523809523809,-0.1322857142857143,21.103095238095243
7S3K,Z26,1.8,0.8,COC1=C(CC(=O)NC2=C3C=CC=CC3=CN=C2)C=C(Cl)C=C1,UFUGOWGYSILVPI-UHFFFAOYSA-N,https://doi.org/10.1021/acsptsci.2c00026,,A,1.8,1.8,5.744727495,5.744727495,-19.122260869565217,0.2876521739130434,12.846608695652174
7S4B,87H,2.1,1,C[C@@H](C(=O)NC1=C2C=CC=CC2=CN=C1)C1=CC=CC(F)=C1,YZVOKFXROIBJSM-GFCCVEGCSA-N,https://doi.org/10.1021/acsptsci.2c00026,,A,2.1,2.1,5.677780705,5.677780705,-18.88736363636364,-0.1174999999999999,12.978863636363634
7M8X,YTJ,0.47,0.02,COCCOC1=CC(Cl)=CC(C2=CC(C3=CC=CC=C3C#N)=CN(C3=CN=CC=C3)C2=O)=C1,QRCHFFNDYYKHQM-UHFFFAOYSA-N,https://doi.org/10.1016/j.str.2021.06.002,lead_opt,A,0.47,0.47,6.327902142,6.327902142,8.227848484848485,0.1981818181818181,22.341878787878787
7M8M,YSG,0.12,0.016,CCCOC1=CC(C2=CC(C3=CNC(=O)NC3=O)=CN(C3=CC=CN=C3)C2=O)=CC(Cl)=C1,GJCBTWHGKCNYAB-UHFFFAOYSA-N,https://doi.org/10.1016/j.str.2021.06.002,lead_opt,A,0.12,0.12,6.920818754,6.920818754,-21.531,-4.61578125,-27.179031250000005
7M8Z,YTV,0.375,0.125,CC(C)(O)CCOC1=CC(C2=CC(C3=CNC(=O)NC3=O)=CN(C3=CC=CN=C3)C2=O)=CC(Cl)=C1,JKRQOBZCXCNDAL-UHFFFAOYSA-N,https://doi.org/10.1016/j.str.2021.06.002,lead_opt,A,0.375,0.375,6.425968732,6.425968732,8.2456,-0.7039428571428572,22.59314285714285
7M8Y,YTM,0.11,0.013,O=C1NC=C(C2=CN(C3=CC=CN=C3)C(=O)C(C3=CC(Cl)=CC(OCCC4=CC=CC=C4)=C3)=C2)C(=O)N1,JVSFPWJWCIUVJO-UHFFFAOYSA-N,https://doi.org/10.1016/j.str.2021.06.002,lead_opt,A,0.11,0.11,6.958607315,6.958607315,-14.551486486486493,-27.02413513513514,-0.5998918918918921
7M8N,YSP,0.1,0.035,CC1=CC=CC=C1COC1=CC(Cl)=CC(C2=CC(C3=CNC(=O)NC3=O)=CN(C3=CN=CC=C3)C2=O)=C1,CXKRCAINPQDWER-UHFFFAOYSA-N,https://doi.org/10.1016/j.str.2021.06.002,lead_opt,A,0.1,0.1,7.0,7.0,-21.34691891891892,-4.492486486486484,-29.16067567567568
7M8O,YSM,0.037,0.007,O=C1NC=C(C2=CN(C3=CN=CC=C3)C(=O)C(C3=CC(Cl)=CC(OCC4=CC=CC(F)=C4)=C3)=C2)C(=O)N1,DGQRJEVFDWWDCX-UHFFFAOYSA-N,https://doi.org/10.1016/j.str.2021.06.002,lead_opt,A,0.037,0.037,7.431798276,7.431798276,-21.45827027027027,-4.765675675675674,-28.04208108108108
7M90,YTS,0.375,0.125,O=C1CN(CCOC2=CC(C3=CC(C4=CNC(=O)NC4=O)=CN(C4=CN=CC=C4)C3=O)=CC(Cl)=C2)CCN1,ROLIIXCVQCAWPI-UHFFFAOYSA-N,https://doi.org/10.1016/j.str.2021.06.002,lead_opt,A,0.375,0.375,6.425968732,6.425968732,7.7904736842105295,-2.2182368421052634,23.055131578947368
7M91,YU4,0.025,0.003,O=C1NC=C(C2=CN(C3=CN=CC=C3)C(=O)C(C3=CC(OCCC(F)(F)F)=CC(Cl)=C3)=C2)C(=O)N1,BHQBUUBHCKLKLD-UHFFFAOYSA-N,https://doi.org/10.1016/j.str.2021.06.002,lead_opt,A,0.025,0.025,7.602059991,7.602059991,8.206428571428573,-8.48862857142857,22.478514285714287
7M8P,YSJ,0.02,0.005,O=C1NC=C(C2=CN(C3=CC=CN=C3)C(=O)C(C3=CC(OCC4=C(Cl)C=CC=C4)=C(F)C(Cl)=C3)=C2)C(=O)N1,FBYZCSUBKCAJAK-UHFFFAOYSA-N,https://doi.org/10.1016/j.str.2021.06.002,lead_opt,A,0.02,0.02,7.698970004,7.698970004,-21.38397368421053,-4.95992105263158,-29.20055263157895
7N44,06I,0.042,0.015,CC1=C(COC2=CC(Cl)=CC(C3=CC(C4=CNC(=O)NC4=O)=CN(C4=CN=CC=C4)C3=O)=C2)N=CS1,RJHJFSODWKKAIP-UHFFFAOYSA-N,https://doi.org/10.1021/acsmedchemlett.1c00326,lead_opt,A,0.042,0.042,7.37675071,7.37675071,-14.602111111111109,-26.74891666666667,0.1857222222222222
7EN8,J7R,0.072,0.006,CNC(=O)C1=C(N[C@@H]2CCCC[C@@H]2NC(=O)C2=CN=CC3=C2C=CC=C3)C([N+](=O)[O-])=CC(Br)=C1,BPLNOSFMIIASSJ-UXHICEINSA-N,https://doi.org/10.1021/acscentsci.2c01359,lead_opt,A,0.072,0.072,7.142667504,7.142667504,-26.07658823529412,-25.606764705882355,29.83820588235293
7EN9,J7O,0.071,0.004,CNC(=O)C1=C(N2CC[C@@]3(CN(C(=O)C4=C5C=CC(O)=CC5=CN=C4)C[C@@H]3C3=CC=CC=C3)C2)C([N+](=O)[O-])=CC(Br)=C1,CFAZYCDVXXGVDB-NEEKEDPPSA-N,https://doi.org/10.1021/acscentsci.2c01359,lead_opt,A,0.071,0.071,7.148741651,7.148741651,16.062952380952385,26.582761904761902,-17.95430952380952
7LTJ,YD1,0.68,0.48-0.97,O=C(C1=CC(=O)NC(=O)N1)N1CCN(C2=CC(Cl)=C(Cl)C=C2)CC1,XREZIAMDGRLMGZ-UHFFFAOYSA-N,https://doi.org/10.1021/acs.jmedchem.1c01475,Kd=1.30+-0.18uM/Ki=2.9[2.2-4.0]uM/ITC=-8.11kcal/mol 7N8C is the same structure with X-ray/neutron structure,A,1.3,0.68,5.886056648,6.167491087,57.14004166666667,-1.0893333333333333,105.67366666666663
7RLS,5YN,0.29,0.22-0.40,O=C(C1=CC(=O)NC(=O)N1)N1CCN(C2=CC(Cl)=C(Cl)C(Cl)=C2)CC1,BYGXXTSBJDGVES-UHFFFAOYSA-N,https://doi.org/10.1021/acs.jmedchem.1c01475,Kd=0.69+-0.21uM/Ki=2.9[0.72-1.1]uM/ITC=-8.47kcal/mol,A,0.69,0.29,6.161150909,6.537602002,11.34616,-0.9747600000000002,18.29896
7RM2,5YJ,0.29,0.19-0.43,CC1=C(Cl)C=C(N2CCN(C(=O)C3=CC(=O)NC(=O)N3)CC2)C=C1Cl,HKYIVHLRSLTYKM-UHFFFAOYSA-N,https://doi.org/10.1021/acs.jmedchem.1c01475,Kd=1.32+-0.29uM/Ki=1.4[1.1-1.7]uM/ITC=-8.15kcal/mol,A,1.32,0.29,5.879426069,6.537602002,107.57868,-2.96788,109.64532
7RMB,5Z7,0.61,0.37-0.96,O=C(C1=CC(=O)NC(=O)N1)N1CCN(C2=CC=C(Br)C(Cl)=C2)CC1,LMYRFZVTGXUSKU-UHFFFAOYSA-N,https://doi.org/10.1021/acs.jmedchem.1c01475,lead_opt,A,0.61,0.61,6.214670165,6.214670165,11.589375,-1.0716250000000005,18.188916666666668
7RME,5Z3,1.4,0.80-2.3,O=C(C1=CC(=O)NC(=O)N1)N1CCN(C2=CC=C(Cl)C(C(F)(F)F)=C2)CC1,CVDMNVBBLCPUMH-UHFFFAOYSA-N,https://doi.org/10.1021/acs.jmedchem.1c01475,lead_opt,A,1.4,1.4,5.853871964,5.853871964,107.32755555555552,-4.840185185185185,109.63403703703705
7RMT,5ZN,6.2,4.8-8.0,O=CC1=CC=C(N2CCN(C(=O)C3=CC(=O)NC(=O)N3)CC2)C=C1Cl,NFHKRUBDBCXAOH-UHFFFAOYSA-N,https://doi.org/10.1021/acs.jmedchem.1c01475,lead_opt,A,6.2,6.2,5.207608311,5.207608311,107.05336,-3.0178000000000003,109.37612
7RMZ,5ZJ,6.4,4.3-9.5,O=C(C1=CC(=O)NC(=O)N1)N1CCN(C2=CC=C(C(F)(F)F)C(Cl)=C2)CC1,RILFZGUYWVKTMS-UHFFFAOYSA-N,https://doi.org/10.1021/acs.jmedchem.1c01475,lead_opt,A,6.4,6.4,5.193820026,5.193820026,106.66348148148153,-4.7550740740740745,109.20637037037037
7RN4,H69,8.8,6.3-13,O=C(C1=CC(=O)NC(=O)N1)N1CCC(C2=CC(Cl)=C(Cl)C=C2)CC1,BOEMYMIXDCTGER-UHFFFAOYSA-N,https://doi.org/10.1021/acs.jmedchem.1c01475,lead_opt,A,8.8,8.8,5.055517328,5.055517328,11.733624999999996,-1.1080416666666666,18.16229166666667
8ACD,LQ6,0.4,0.03,O=C(NCC1=CC=CS1)[C@@H]1CN(C(=O)C2=CC(=O)NC(=O)N2)CCN1C1=CC(Cl)=C(Cl)C=C1,PBLOKSLGZKWIQI-KRWDZBQOSA-N,https://doi.org/10.1021/acs.jmedchem.2c01146,lead_opt,A,0.4,0.4,6.397940009,6.397940009,9.816515151515151,0.5325151515151515,21.66821212121212
8ACL,LQL,0.4,0.025,O=C(NCC1=CC=CS1)[C@@H]1CN(C(=O)C2=CC=CN=C2)CCN1C1=CC(Cl)=C(Cl)C=C1,XEFYJHCPILXFKJ-FQEVSTJZSA-N,https://doi.org/10.1021/acs.jmedchem.2c01146,lead_opt,A,0.4,0.4,6.397940009,6.397940009,9.836064516129031,0.4703225806451613,21.98151612903225
7LME,Y6J,4.99,0.62,O=C(NC1=CC=C(N(CC2=CSC=C2)C(=O)CN2N=NC3=CC=CC=C32)C=C1)C1CC1,OCKMJWOFMCSMEX-UHFFFAOYSA-N,https://doi.org/10.1021/acs.jmedchem.1c00598,lead_opt,A,4.99,4.99,5.301899454,5.301899454,25.632258064516133,-1.053193548387097,15.189322580645165
7LMD,Y6A,0.106,25,O=C(CN1N=NC2=C1C=CC=C2)N(CC1=CSC=C1)C1=CC=C(C2=CNN=C2)C=C1,PYVQFTGANJRGEP-UHFFFAOYSA-N,https://doi.org/10.1021/acs.jmedchem.1c00598,lead_opt,A,0.106,0.106,6.974694135,6.974694135,9.622133333333332,-0.5081,22.398166666666665
7LMF,Y6G,0.063,0.014,O=C(CN1N=NC2=CC=CC=C21)N(CC1=CSC=C1)C1=CC=C(C2=CNC=N2)C=C1,XZJQABWECIWHRU-UHFFFAOYSA-N,https://doi.org/10.1021/acs.jmedchem.1c00598,lead_opt,A,0.063,0.063,7.200659451,7.200659451,14.902766666666666,-0.1585333333333333,41.82786666666666
